{
    "Dia1": {
      "Pecho": [
        "Press Banca",
        "Apertura"
      ],
      "Triceps": [
        "Fondos",
        "Press Frances"
      ],
      "Hombro": [
        "Press Militar",
        "Laterales"
      ]
    },
    "Dia2": {
      "Espalda": [
        "Jalón al pecho",
        "Remo en barra"
      ],
      "Biceps": [
        "Curl de biceps",
        "Curl Martillo"
      ],
      "Antebrazos": [
        "Curl de Antebrazos"
      ]
    }
  }

 